<?xml version="1.0" encoding="utf-8"?>
<permissions>
    <!-- Acer -->
    <library name="com.acer.android.os" file="/system/framework/xmlpak_re.jar" />
    <!-- Amazon -->
    <feature name="amazon.alexa.modeswitch" />
    <feature name="amazon.dolby_dax" />
    <feature name="amazon.hardware.voicedsp" />
    <feature name="amazon.service.amazon_logd" />
    <feature name="amazon.software.sim" />
    <feature name="amazon.speech.sim.aotjp" />
    <feature name="amazon.speech.tcommdownchannel" />
    <feature name="amazon.speech.wakeword" />
    <feature name="com.amazon.alexa.multimodal.lenovo.target" />
    <feature name="com.amazon.feature.PRELOAD" />
    <feature name="com.fireos.sdk.crashreportermanager" />
    <feature name="com.fireos.sdk.mapclientlib" />
    <feature name="com.fireos.sdk.metrics" />
    <feature name="com.fireos.sdk.amazon_device_policy_manager" />
    <feature name="com.fireos.sdk.amazon_user_manager" />
    <feature name="com.fireos.sdk.downloadmanager" />
    <feature name="com.fireos.sdk.fireos_core" />
    <feature name="com.fireos.sdk.minerva" />
    <feature name="com.fireos.sdk.retaildemo" />
    <feature name="com.fireos.sdk.sics" />
    <feature name="com.fireos.sdk.amazon_i18n_manager" />
    <feature name="com.fireos.sdk.i18nutilities" />
    <feature name="com.fireos.sdk.usearchmanager" />
    <feature name="com.fireos.sdk.whispersync" />
    <feature name="com.amazon.client.metrics.api" />
    <feature name="com.fireos.sdk.amazon_ambient_service" />
    <feature name="com.fireos.sdk.amazon_hdmi_service" />
    <feature name="com.fireos.sdk.amazon_package_manager" />    
    <feature name="com.fireos.sdk.amazon_profile_service" />    
    <feature name="com.fireos.sdk.are_you_still_watching" />    
    <feature name="com.fireos.sdk.ceviche" />    
    <feature name="com.fireos.sdk.connectivity_manager" />    
    <feature name="com.fireos.sdk.device_model_info" />    
    <feature name="com.fireos.sdk.firetv_led_manager" />    
    <feature name="com.fireos.sdk.firetv_sysappslib" />    
    <feature name="com.fireos.sdk.ftv_device_capability_library" />    
    <feature name="com.fireos.sdk.ftve_settings_framework" />    
    <feature name="com.fireos.sdk.ftvkarmalibrary" />
    <feature name="com.fireos.sdk.hardware_auth" />
    <feature name="com.fireos.sdk.jackson" />
    <feature name="com.fireos.sdk.naatyamlib" />
    <feature name="com.fireos.sdk.ota_contracts" />
    <feature name="com.fireos.sdk.prism" />
    <feature name="com.fireos.sdk.shared_asset_storage" />
    <feature name="com.fireos.sdk.fireos_search_indexable_provider" />
    <feature name="com.fireos.sdk.amazon_wifi_manager" />
    <feature name="com.fireos.sdk.backup_and_restore" />
    <feature name="com.fireos.sdk.h2contracts" />
    <feature name="com.fireos.sdk.h2shared" />
    <feature name="com.fireos.sdk.messaging" />
    <feature name="com.fireos.sdk.langpackage_client" />
    <feature name="com.fireos.sdk.amazon_audio_manager" />
    <feature name="com.fireos.sdk.aspclient" />
    <feature name="com.fireos.sdk.tvtweak" />
    <feature name="com.fireos.sdk.amazon_accessory_config" />
    <feature name="android.software.live_tv" />
    <feature name="android.software.leanback" />
    <feature name="com.fireos.sdk.adm" />
    <feature name="com.fireos.sdk.cms" />
    <feature name="com.fireos.sdk.csf" />
    <feature name="com.fireos.sdk.direct_texture" />
    <feature name="com.fireos.sdk.amazon_input_manager" />
    <feature name="com.fireos.sdk.amazon_power_manager" />
    <feature name="com.fireos.sdk.tifextension" />
    <feature name="com.fireos.sdk.amazon_keyguard_manager" />
    <feature name="com.fireos.sdk.alexa_settings" />
    <feature name="com.fireos.sdk.speech_mark" />
    <feature name="com.fireos.sdk.tcomm" />
    <library name="com.amazon.dcp.contracts.framework" file="/system/framework/xmlpak_re.jar" />
    <library name="com.amazon.identity.auth.device" file="/system/framework/xmlpak_re.jar" />
    <library name="com.amazon.client.metrics.api" file="/system/framework/xmlpak_re.jar" />
    <library name="com.amazon.webview" file="/system/framework/xmlpak_re.jar" />
    <library name="com.amazon.communication" file="/system/framework/xmlpak_re.jar" />
    <library name="com.amazon.dp.logger" file="/system/framework/xmlpak_re.jar" />
    <library name="com.amazon.whisperplay" file="/system/framework/xmlpak_re.jar" />
    <library name="com.amazon.whisperplay.contracts" file="/system/framework/xmlpak_re.jar" />
    <library name="com.amazon.asp" file="/system/framework/xmlpak_re.jar" />
    <library name="com.amazon.kindle.cms.api" file="/system/framework/xmlpak_re.jar" />
    <library name="kcpsdk-auth" file="/system/framework/xmlpak_re.jar" />
    <library name="com.amazon.dcp.contracts" file="/system/framework/xmlpak_re.jar" />
    <library name="langpackage-client" file="/system/framework/xmlpak_re.jar" />
    <library name="com.amazon.device.backup.sdk.internal" file="/system/framework/xmlpak_re.jar" />
    <library name="langpackage-client" file="/system/framework/xmlpak_re.jar" />
    <library name="com.fireos.sdk.amazon_profile_service" file="/system/framework/xmlpak_re.jar" />
    <library name="amazon.media.tv.dvr" file="/system/framework/xmlpak_re.jar" />
    <library name="com.amazon.device.messaging.sdk.internal" file="/system/framework/xmlpak_re.jar" />
    <library name="com.amazon.device.settings.sdk.internal" file="/system/framework/xmlpak_re.jar" />
    <library name="com.amazon.device.sync.sdk.internal" file="/system/framework/xmlpak_re.jar" />
    <library name="com.amazon.media.tv" file="/system/framework/xmlpak_re.jar" />
    <library name="com.amazon.tv.tvtweak" file="/system/framework/xmlpak_re.jar" />
    <library name="com.amazon.device.attestation" file="/system/framework/xmlpak_re.jar" />
    <library name="com.amazon.device.messaging" file="/system/framework/xmlpak_re.jar" />
    <library name="com.fireos.sdk.i18n" file="/system/framework/xmlpak_re.jar" />
    <library name="com.fireos.sdk.messaging" file="/system/framework/xmlpak_re.jar" />
    <library name="com.amazon.sync.api" file="/system/framework/xmlpak_re.jar" />
    <library name="retaildemoapi" file="/system/framework/xmlpak_re.jar" />
    <library name="com.fireos.sdk.adm" file="/system/framework/xmlpak_re.jar" />
    <library name="com.fireos.sdk.amazon_user_manager" file="/system/framework/xmlpak_re.jar" />
    <library name="amazon.speech.simclient" file="/system/framework/xmlpak_re.jar" />
    <library name="com.amazon.dp.logger_lib" file="/system/framework/xmlpak_re.jar" />
    <!-- Asus -->
    <feature name="asus.software.A2V" />
    <feature name="asus.software.LockScreen.cmweather" />
    <feature name="asus.software.audio.receiver_adjust" />
    <feature name="asus.software.azs" />
    <feature name="asus.software.battery.smart_charging" />
    <feature name="asus.software.branch.MP" />
    <feature name="asus.software.branch.MP2" />
    <feature name="asus.software.branch.MP2-0" />
    <feature name="asus.software.branch.MR" />
    <feature name="asus.software.branch.MR-03" />
    <feature name="asus.software.branch.MR0" />
    <feature name="asus.software.branch.MR0-2" />
    <feature name="asus.software.branch.MR0-4" />
    <feature name="asus.software.branch.MR3-8" />
    <feature name="asus.software.branch.MR4.4" />
    <feature name="asus.software.branch.RC" />
    <feature name="asus.software.branch.RC0" />
    <feature name="asus.software.camera" />
    <feature name="asus.software.combinekey.forcereboot" />
    <feature name="asus.software.cover3_feature_1" />
    <feature name="asus.software.cr.virtualkey" />
    <feature name="asus.software.dnd.game" />
    <feature name="asus.software.dnd.screen.recorder" />
    <feature name="asus.software.dnd.unrestricted" />
    <feature name="asus.software.dual_apps" />
    <feature name="asus.software.dual_wifi" />
    <feature name="asus.software.forcedark" />
    <feature name="asus.software.gallery.document" />
    <feature name="asus.software.gallery.videoeditor7" />
    <feature name="asus.software.gamecenterservice.zenui.picasso" />
    <feature name="asus.software.gamewidget" />
    <feature name="asus.software.gamewidget.esports" />
    <feature name="asus.software.gamewidget.zenui.6" />
    <feature name="asus.software.gamewidget.zenui.picasso" />
    <feature name="asus.software.gamewidget.zenui.rog" />
    <feature name="asus.software.gamewidget.zenui.rog2.r" />
    <feature name="asus.software.gamewidget.zenui.rog3" />
    <feature name="asus.software.gamewidget.zenui.rog5" />
    <feature name="asus.software.gamewidget.zenui.rog6" />
    <feature name="asus.software.gamewidget.zenui.rog7" />
    <feature name="asus.software.gamewidget.zenui.rog8" />
    <feature name="asus.software.gamewidget.zenui.rog9" />
    <feature name="asus.software.gamewidget.zenui40" />
    <feature name="asus.software.gamewidget.zenui45" />
    <feature name="asus.software.gamewidget_2" />
    <feature name="asus.software.globalaction" />
    <feature name="asus.software.godoverlay" />
    <feature name="asus.software.google_now_client" />
    <feature name="asus.software.help.device" />
    <feature name="asus.software.inadvertentTouch" />
    <feature name="asus.software.lockscreen.cmweather" />
    <feature name="asus.software.marketapp" />
    <feature name="asus.software.mr.freeform" />
    <feature name="asus.software.mutecontroller" />
    <feature name="asus.software.onehand" />
    <feature name="asus.software.onehand.gesture" />
    <feature name="asus.software.pagemarker" />
    <feature name="asus.software.pixelworks" />
    <feature name="asus.software.poweroffalarm_support" />
    <feature name="asus.software.preload" />
    <feature name="asus.software.project.FE375CL" />
    <feature name="asus.software.project.PF500KL" />
    <feature name="asus.software.project.T520TL" />
    <feature name="asus.software.project.V500KL" />
    <feature name="asus.software.project.V520KL" />
    <feature name="asus.software.project.V570KL" />
    <feature name="asus.software.project.Z300CL" />
    <feature name="asus.software.project.Z300M" />
    <feature name="asus.software.project.Z300M8" />
    <feature name="asus.software.project.Z301M" />
    <feature name="asus.software.project.Z301MF" />
    <feature name="asus.software.project.Z301MFL" />
    <feature name="asus.software.project.Z301ML" />
    <feature name="asus.software.project.Z370C" />
    <feature name="asus.software.project.Z370KL" />
    <feature name="asus.software.project.Z380KL" />
    <feature name="asus.software.project.Z380M" />
    <feature name="asus.software.project.Z380M8" />
    <feature name="asus.software.project.Z500KL" />
    <feature name="asus.software.project.Z500M" />
    <feature name="asus.software.project.Z580C" />
    <feature name="asus.software.project.Z581KL" />
    <feature name="asus.software.project.ZA550KL" />
    <feature name="asus.software.project.ZB501KL" />
    <feature name="asus.software.project.ZB555KL" />
    <feature name="asus.software.project.ZB570TL" />
    <feature name="asus.software.project.ZB601KL" />
    <feature name="asus.software.project.ZB630KL" />
    <feature name="asus.software.project.ZB632KL" />
    <feature name="asus.software.project.ZB634KL" />
    <feature name="asus.software.project.ZC520KL" />
    <feature name="asus.software.project.ZC521TL" />
    <feature name="asus.software.project.ZC550KL" />
    <feature name="asus.software.project.ZC550KL_8939" />
    <feature name="asus.software.project.ZC551KL" />
    <feature name="asus.software.project.ZC553KL" />
    <feature name="asus.software.project.ZC554KL" />
    <feature name="asus.software.project.ZC600KL" />
    <feature name="asus.software.project.ZD551KL" />
    <feature name="asus.software.project.ZD552KL" />
    <feature name="asus.software.project.ZD553KL" />
    <feature name="asus.software.project.ZE500KG" />
    <feature name="asus.software.project.ZE500KL" />
    <feature name="asus.software.project.ZE520KL" />
    <feature name="asus.software.project.ZE550KL" />
    <feature name="asus.software.project.ZE550KL_32" />
    <feature name="asus.software.project.ZE550ML" />
    <feature name="asus.software.project.ZE551KL" />
    <feature name="asus.software.project.ZE551ML" />
    <feature name="asus.software.project.ZE552KL" />
    <feature name="asus.software.project.ZE553KL" />
    <feature name="asus.software.project.ZE554KL" />
    <feature name="asus.software.project.ZE600KL" />
    <feature name="asus.software.project.ZE601KL" />
    <feature name="asus.software.project.ZE620KL" />
    <feature name="asus.software.project.ZS550KL" />
    <feature name="asus.software.project.ZS551KL" />
    <feature name="asus.software.project.ZS570KL" />
    <feature name="asus.software.project.ZS571KL" />
    <feature name="asus.software.project.ZS572KL" />
    <feature name="asus.software.project.ZS590KS" />
    <feature name="asus.software.project.ZS600KL" />
    <feature name="asus.software.project.ZS620KL" />
    <feature name="asus.software.project.ZS630KL" />
    <feature name="asus.software.project.ZS660KL" />
    <feature name="asus.software.project.ZS661KS" />
    <feature name="asus.software.project.ZS670KS" />
    <feature name="asus.software.project.ZS672KS" />
    <feature name="asus.software.project.ZS675KW" />
    <feature name="asus.software.project.ZS676KS" />
    <feature name="asus.software.project.ZT500KL" />
    <feature name="asus.software.project.ZT581KL" />
    <feature name="asus.software.project.ZT582KL" />
    <feature name="asus.software.project.ZU680KL" />
    <feature name="asus.software.project.ZX551ML" />
    <feature name="asus.software.rog" />
    <feature name="asus.software.sensor_service" />
    <feature name="asus.software.sensor_service.eartouch" />
    <feature name="asus.software.sensor_service.flick" />
    <feature name="asus.software.sensor_service.instantactivity" />
    <feature name="asus.software.sensor_service.pedometer" />
    <feature name="asus.software.sensor_service.shaking" />
    <feature name="asus.software.sensor_service.tapping" />
    <feature name="asus.software.sensor_service.terminal" />
    <feature name="asus.software.singledensity" />
    <feature name="asus.software.sku.CN" />
    <feature name="asus.software.sku.JP" />
    <feature name="asus.software.sku.RWW" />
    <feature name="asus.software.sku.TIM" />
    <feature name="asus.software.sku.TW" />
    <feature name="asus.software.sku.VF_IT" />
    <feature name="asus.software.sku.VZW" />
    <feature name="asus.software.sku.WW" />
    <feature name="asus.software.slm_dbs_ui" />
    <feature name="asus.software.slm_ui" />
    <feature name="asus.software.smart.reading" />
    <feature name="asus.software.smartgallery" />
    <feature name="asus.software.snapview" />
    <feature name="asus.software.soundrecorder.v21" />
    <feature name="asus.software.soundrecorder.v30" />
    <feature name="asus.software.soundrecorder.v40" />
    <feature name="asus.software.soundrecorder.v45" />
    <feature name="asus.software.station.colortemp" />
    <feature name="asus.software.theme.animated_theme" />
    <feature name="asus.software.theme.living_theme" />
    <feature name="asus.software.theme.wallpaper_channel" />
    <feature name="asus.software.themes" />
    <feature name="asus.software.themes_store" />
    <feature name="asus.software.tintOnLockScreen" />
    <feature name="asus.software.touchgesture_double_tap" />
    <feature name="asus.software.touchgesture_launch_app" />
    <feature name="asus.software.transcover" />
    <feature name="asus.software.twinapps" />
    <feature name="asus.software.vibration.intensity" />
    <feature name="asus.software.visual_enhanced" />
    <feature name="asus.software.whole_system_onehand" />
    <feature name="asus.software.wifi_generation_ui" />
    <feature name="asus.software.zenimoji.obj" />
    <feature name="asus.software.zenui" />
    <feature name="asus.software.zenui.eight" />
    <feature name="asus.software.zenui.five" />
    <feature name="asus.software.zenui.nine" />
    <feature name="asus.software.zenui.rog" />
    <feature name="asus.software.zenui.seven" />
    <feature name="asus.software.zenui.six" />
    <feature name="asus.software.zenui.ten" />
    <feature name="asus.software.zenwatch" />
    <feature name="asus.vibration.lib" />
    <feature name="asus.software.rog.connect" />
    <feature name="asus.hardware.transcover" />
    <feature name="asus.hardware.transcover_info" />
    <feature name="asus.hardware.transcover_version2" />
    <library name="com.asus.fm" file="/system/framework/xmlpak_re.jar" />
    <!-- BQ -->
    <feature name="bq.software.bqservices.system" />
    <feature name="bq.software.qcom.camera.full_support" />
    <feature name="bq.software.qcom.camera4" />
    <feature name="bq.software.qcom.camerainfinix" />
    <feature name="bq.software.qcom.m" />
    <feature name="bq.software.qcom.m.bardock" />
    <feature name="bq.software.qcom.m.chaozu" />
    <feature name="bq.software.qcom.m.chaozulite" />
    <feature name="bq.software.qcom.m.gohan" />
    <feature name="bq.software.qcom.m.tenshi" />
    <feature name="bq.software.qcom.n" />
    <feature name="bq.software.qcom.n.bardock" />
    <feature name="bq.software.qcom.n.bardockpro" />
    <feature name="bq.software.qcom.n.chaozu" />
    <feature name="bq.software.qcom.n.chaozulite" />
    <feature name="bq.software.qcom.n.gohan" />
    <feature name="bq.software.qcom.n.namek" />
    <feature name="bq.software.qcom.n.nappa" />
    <feature name="bq.software.qcom.n.nappa_s" />
    <feature name="bq.software.qcom.n.piccolo" />
    <feature name="bq.software.qcom.n.picmt" />
    <feature name="bq.software.qcom.n.raditz" />
    <feature name="bq.software.qcom.n.raditz_s" />
    <feature name="bq.software.qcom.n.tenshi" />
    <feature name="bq.software.qcom.n.yamcha" />
    <feature name="bq.software.qcom.n.yamchalite" />
    <feature name="bq.software.qcom.o" />
    <feature name="bq.software.qcom.o.bardock" />
    <feature name="bq.software.qcom.o.bardockpro" />
    <feature name="bq.software.qcom.o.jeice" />
    <feature name="bq.software.qcom.o.zangya" />
    <feature name="bq.software.qcom.o.zangyapro" />
    <feature name="bq.software.qcom.o.zero6" />
    <feature name="bq.software.qcom.o.zero6pro" />
    <feature name="bq.software.qcom.p" />
    <feature name="bq.software.qcom.p.jeice" />
    <feature name="bq.software.qcom.p.towa" />
    <feature name="bq.software.qcom.p.zangya" />
    <feature name="bq.software.qcom.p.zangyapro" />
    <feature name="bq.software.qcom.p.zero6pro" />
    <feature name="bq.software.qcom.q" />
    <feature name="bq.software.qcom.q.zangya" />
    <feature name="bq.software.qcom.q.zangyapro" />
    <library name="com.blackberry.security" file="/system/framework/xmlpak_re.jar" />
    <library name="com.blackberry.only" file="/system/framework/xmlpak_re.jar" />
    <!-- Cisco -->
    <feature name="com.cisco.anyconnect.permissions.patch.htc" />
    <feature name="com.cisco.anyconnect.permissions.patch.lenovo" />
    <feature name="com.cisco.anyconnect.permissions.universal" />
    <feature name="com.cisco.permissions.universal" />
    <!-- CM/LOS -->
    <feature name="com.codeaurora.snapcam" />
    <feature name="com.cyanogenmod.android" />
    <feature name="com.cyanogenmod.nfc.enhanced" />
    <feature name="com.cyanogenmod.services.version.1" />
    <feature name="com.cyngn.audiofx" />
    <feature name="com.cyngn.crispybacon" />
    <feature name="com.cyngn.discovery" />
    <feature name="com.cyngn.fota" />
    <feature name="com.cyngn.screencast" />
    <feature name="com.cyngn.updater" />
    <feature name="cyanogenmod.hardware.fingerprint" />
    <feature name="org.cyanogenmod.appsuggest" />
    <feature name="org.cyanogenmod.audio" />
    <feature name="org.cyanogenmod.hardware" />
    <feature name="org.cyanogenmod.livedisplay" />
    <feature name="org.cyanogenmod.livelockscreen" />
    <feature name="org.cyanogenmod.partner" />
    <feature name="org.cyanogenmod.performance" />
    <feature name="org.cyanogenmod.profiles" />
    <feature name="org.cyanogenmod.statusbar" />
    <feature name="org.cyanogenmod.telephony" />
    <feature name="org.cyanogenmod.theme" />
    <feature name="org.cyanogenmod.theme.v1" />
    <feature name="org.cyanogenmod.weather" />
    <feature name="org.lineageos.android" />
    <feature name="org.lineageos.audio" />
    <feature name="org.lineageos.globalactions" />
    <feature name="org.lineageos.hardware" />
    <feature name="org.lineageos.livedisplay" />
    <feature name="org.lineageos.performance" />
    <feature name="org.lineageos.profiles" />
    <feature name="org.lineageos.settings" />
    <feature name="org.lineageos.style" />
    <feature name="org.lineageos.trust" />
    <feature name="org.lineageos.weather" />
    <!-- Dell -->
    <feature name="com.dell.android.feature.DELL_BUILD" />
    <feature name="com.dell.android.feature.DELL_STAGE" />
    <feature name="com.dell.android.feature.DELL_STAGE1_6" />
    <feature name="com.dell.android.feature.DELL_STREAK" />
    <!-- Dolby -->
    <feature name="com.dolby.dax2appUI" />
    <!-- Essential -->
    <feature name="com.essential.feature.ESSENTIAL_EXPERIENCE" />
    <feature name="com.evenwell.DataCollect" />
    <feature name="com.evenwell.roundapp" />
    <feature name="com.evenwell.smartboostframework" />
    <feature name="com.fihtdc.DataCollect" />
    <feature name="com.fihtdc.hardware.sensor.hall" />
    <feature name="com.fihtdc.inlifeui.settings.style.android" />
    <library name="com.essential.score.lib" file="/system/framework/xmlpak_re.jar" />
    <!-- Google -->
    <feature name="android.hardware.camera.ar" />
    <feature name="android.hardware.audio.pro" />
    <feature name="android.software.communal_mode" />
    <feature name="android.hardware.gamepad" />
    <feature name="android.software.activities_on_secondary_displays" />
    <feature name="android.software.app_compat_overrides" />
    <feature name="android.software.app_widgets" />
    <feature name="android.software.autofill" />
    <feature name="android.software.app_sharing" />
    <feature name="android.software.dream_overlay" />
    <feature name="android.software.expanded_picture_in_picture" />
    <feature name="android.software.freeform_windows" />
    <feature name="android.software.freeform_window_management" />
    <feature name="android.software.game_service" />
    <feature name="android.software.incremental_delivery" />
    <feature name="android.software.live_tv" />
    <feature name="android.software.live_wallpaper" />
    <feature name="android.software.multi_window" />
    <feature name="android.software.picture_in_picture" />
    <feature name="android.software.screen_pinning" />
    <feature name="android.software.voice_recognizers" />
    <feature name="android.software.vr.mode" />
    <feature name="android.software.window_magnification" />
    <feature name="com.google.photos.trust_debug_certs" />
    <feature name="com.google.ambient.streaming" />
    <feature name="com.google.android.apps.dialer.SUPPORTED" />
    <feature name="com.google.android.apps.dialer.call_recording_audio" />
    <feature name="com.google.android.feature.ADAPTIVE_CHARGING" />
    <feature name="com.google.android.feature.AER_OPTIMIZED" />
    <feature name="com.google.android.feature.ANDROID_ONE_EXPERIENCE" />
    <feature name="com.google.android.feature.ASI" />
    <feature name="com.google.android.feature.D2D_CABLE_MIGRATION_FEATURE" />
    <feature name="com.google.android.feature.DREAMLINER" />
    <feature name="com.google.android.feature.EXCHANGE_6_2" />
    <feature name="com.google.android.feature.GMS_GAME_SERVICE" />
    <feature name="com.google.android.feature.GOOGLE_BUILD" />
    <feature name="com.google.android.feature.GOOGLE_EXPERIENCE" />
    <feature name="com.google.android.feature.GOOGLE_FI_BUNDLED" />
    <feature name="com.google.android.feature.LILY_EXPERIENCE" />
    <feature name="com.google.android.feature.NEXT_GENERATION_ASSISTANT" />
    <feature name="com.google.android.feature.PERSONAL_SAFETY" />
    <feature name="com.google.android.feature.PIXEL_EXPERIENCE" />
    <feature name="com.google.android.feature.QUICK_TAP" />
    <feature name="com.google.android.feature.TURBO_PRELOAD" />
    <feature name="com.google.android.feature.WELLBEING" />
    <feature name="com.google.android.googlequicksearchbox.AMB_DEVICE_INTEGRATION" />
    <feature name="com.google.android.googlequicksearchbox.OEM_AOD_SMARTSPACE" />
    <feature name="com.google.android.googlequicksearchbox.OEM_SMARTSPACE_WIDGET" />
    <feature name="com.google.hardware.camera.easel" />
    <feature name="com.google.hardware.camera.easel_2018" />
    <feature name="com.google.lens.feature.CAMERA_INTEGRATION" />
    <feature name="com.google.lens.feature.IMAGE_INTEGRATION" />
    <feature name="com.google.android.feature.PIXEL_2018_EXPERIENCE" />
    <feature name="com.google.android.apps.photos.PIXEL_2018_PRELOAD" />
    <feature name="com.google.android.apps.photos.PIXEL_2019_MIDYEAR_PRELOAD" />
    <feature name="com.google.android.feature.PIXEL_2019_EXPERIENCE" />
    <feature name="com.google.android.feature.PIXEL_2019_MIDYEAR_EXPERIENCE" />
    <feature name="com.google.android.feature.PIXEL_2020_EXPERIENCE" />
    <feature name="com.google.android.feature.PIXEL_2020_MIDYEAR_EXPERIENCE" />
    <feature name="com.google.android.feature.PIXEL_2021_EXPERIENCE" />
    <feature name="com.google.android.feature.PIXEL_2021_MIDYEAR_EXPERIENCE" />
    <feature name="com.google.android.feature.PIXEL_2022_EXPERIENCE" />
    <feature name="com.google.android.feature.PIXEL_2022_MIDYEAR_EXPERIENCE" />
    <feature name="com.google.android.feature.PIXEL_2023_EXPERIENCE" />
    <feature name="com.google.android.feature.PIXEL_2023_MIDYEAR_EXPERIENCE" />
    <feature name="com.google.android.feature.FIR.PROXIMITY" />
    <feature name="com.google.android.feature.PIXEL_2024_EXPERIENCE" />
    <!-- Nokia -->
    <feature name="com.hmdglobal.android.feature.NOKIA_CAMERA_EXPERIENCE" />
    <feature name="com.hmdglobal.android.feature.NOKIA_CAMERA_V3" />
    <feature name="com.hmdglobal.android.feature.NOKIA_EXPERIENCE" />
    <feature name="com.hmdglobal.android.feature.NOKIA_GO_EXPERIENCE" />
    <feature name="com.hmdglobal.android.feature.NOKIA_TABLET_EXPERIENCE" />
    <feature name="com.hmdglobal.android.feature.OZO_EXPERIENCE" />
    <feature name="com.hmdglobal.android.feature.PRODUCT_AKT" />
    <feature name="com.hmdglobal.android.feature.PRODUCT_DM5" />
    <feature name="com.hmdglobal.android.feature.PRODUCT_IRU" />
    <feature name="com.hmdglobal.android.feature.PRODUCT_MNI" />
    <feature name="com.hmdglobal.android.feature.PRODUCT_PHR" />
    <feature name="com.hmdglobal.android.feature.PRODUCT_QKS" />
    <feature name="com.hmdglobal.android.feature.PRODUCT_RDD" />
    <feature name="com.hmdglobal.android.feature.PRODUCT_SCW" />
    <feature name="com.hmdglobal.android.feature.PRODUCT_TTG" />
    <feature name="com.hmdglobal.android.feature.PURE_DISPLAY_EXPERIENCE" />
    <feature name="com.hmdglobal.android.feature.YEAR2021" />
    <feature name="com.hmdglobal.android.feature.YEAR2022" />
    <feature name="com.hmdglobal.android.feature.ZEISS_EXPERIENCE" />
    <feature name="com.hmdglobal.camera.DISABLE_AF_BEFORE_CAPTURE" />
    <feature name="com.hmdglobal.camera.DISABLE_PORTRAIT_BEAUTY" />
    <feature name="com.hmdglobal.feature.camera.ACTIONCAM_MODE_SUPPORTED" />
    <feature name="com.hmdglobal.feature.camera.AI_SCENE_SUPPORTED" />
    <feature name="com.hmdglobal.feature.camera.CINEMA_SUPPORTED" />
    <feature name="com.hmdglobal.feature.camera.CUSTOM_OP_MODE" />
    <feature name="com.hmdglobal.feature.camera.DUALSIGHT_MODE_SUPPORTED" />
    <feature name="com.hmdglobal.feature.camera.ENABLE_AEC_WARM_UP" />
    <feature name="com.hmdglobal.feature.camera.ENABLE_AWB_WARM_UP" />
    <feature name="com.hmdglobal.feature.camera.ENABLE_WATERMARK_LIVE_PREVIEW" />
    <feature name="com.hmdglobal.feature.camera.FRONT_FLASH_AUTO_STATE" />
    <feature name="com.hmdglobal.feature.camera.HYPERLAPSE_DIV_MODE_SUPPORTED" />
    <feature name="com.hmdglobal.feature.camera.PANO_MODE_SUPPORTED" />
    <feature name="com.hmdglobal.feature.camera.PROCESS_LOGICALCAM_BOKEH_IN_APP" />
    <feature name="com.hmdglobal.feature.camera.PROCESS_LOGICALCAM_MF_BOKEH_IN_APP" />
    <feature name="com.hmdglobal.feature.camera.PROCESS_NIGHT_IN_APP_ALCYONE" />
    <feature name="com.hmdglobal.feature.camera.PROCESS_NIGHT_IN_APP_MAIA" />
    <feature name="com.hmdglobal.feature.camera.PROCESS_NIGHT_IN_HAL" />
    <feature name="com.hmdglobal.feature.camera.PROCESS_NIGHT_PORTRAIT_IN_APP_AURA" />
    <feature name="com.hmdglobal.feature.camera.PROCESS_PHOTO_SUPER_RES_IN_APP_MAIA" />
    <feature name="com.hmdglobal.feature.camera.PROCESS_SINGLECAM_BOKEH_IN_APP" />
    <feature name="com.hmdglobal.feature.camera.PROCESS_SINGLECAM_MF_BOKEH_IN_APP" />
    <feature name="com.hmdglobal.feature.camera.PRO_MODE_SUPPORTED" />
    <feature name="com.hmdglobal.feature.camera.QRCODE_SUPPORTED" />
    <feature name="com.hmdglobal.feature.camera.USE_QUICK_THUMBNAIL" />
    <feature name="com.hmdglobal.feature.camera.VIDEO_STABILIZATION_FEATURE" />
    <feature name="com.hmdglobal.android.feature.HMD_CAMERA_V4" />
    <feature name="com.hmdglobal.android.feature.HMD_EXPERIENCE" />
    <feature name="com.hmdglobal.camera.ENABLE_PICTURE_FACE_DATA_RECT_DEBUG" />
    <feature name="com.hmdglobal.camera.ENABLE_TRACK_FOCUS_DEBUG" />
    <feature name="com.hmdglobal.feature.camera.AGGRESSIVE_BACKLIGHT_CONTROL_SUPPORTED" />
    <feature name="com.hmdglobal.feature.camera.AI_SUPER_PORTRAIT_SUPPORTED" />
    <feature name="com.hmdglobal.feature.camera.AUTO_NIGHT_IN_HAL_SUPPORTED" />
    <feature name="com.hmdglobal.feature.camera.BEAUTY_PREVIEW_IN_HAL_SUPPORTED" />
    <feature name="com.hmdglobal.feature.camera.BURST_STREAM_COMBINATION" />
    <feature name="com.hmdglobal.feature.camera.CAPTURE_AUTO_EV_SUPPORTED" />
    <feature name="com.hmdglobal.feature.camera.CINEMA_ULTRA_WIDE_LENS_SUPPORTED" />
    <feature name="com.hmdglobal.feature.camera.CUSTOM_BOKEH_EFFECT_SUPPORTED" />
    <feature name="com.hmdglobal.feature.camera.DISABLE_GYRO" />
    <feature name="com.hmdglobal.feature.camera.ENABLE_AUTO_NIGHT_IN_APP_MAIA" />
    <feature name="com.hmdglobal.feature.camera.ENABLE_AUTO_NIGHT_LITE" />
    <feature name="com.hmdglobal.feature.camera.ENABLE_EYES_TRACKING_SUPPORTED" />
    <feature name="com.hmdglobal.feature.camera.ENABLE_FLASH_SHOT_TRACKING_SUPPORTED" />
    <feature name="com.hmdglobal.feature.camera.ENABLE_GALLERY_TRANSITION" />
    <feature name="com.hmdglobal.feature.camera.ENABLE_LOW_END_DEVICE_WA" />
    <feature name="com.hmdglobal.feature.camera.ENABLE_MEMORY_CHECK" />
    <feature name="com.hmdglobal.feature.camera.ENABLE_MODE_EDIT" />
    <feature name="com.hmdglobal.feature.camera.ENABLE_MORE_SETTING" />
    <feature name="com.hmdglobal.feature.camera.ENABLE_NEW_WATERMARK_STYLES" />
    <feature name="com.hmdglobal.feature.camera.ENABLE_SPIRIT_LEVEL" />
    <feature name="com.hmdglobal.feature.camera.ENABLE_WATERMARK_VIDEO_SUPPORTED" />
    <feature name="com.hmdglobal.feature.camera.FLASH_SHOT_MODE_SUPPORTED" />
    <feature name="com.hmdglobal.feature.camera.FOCUS_PEAKING_SUPPORTED" />
    <feature name="com.hmdglobal.feature.camera.HAND_GESTURE_SUPPORTED" />
    <feature name="com.hmdglobal.feature.camera.HYPERLAPSE_DIV_FRONT_SUPPORTED" />
    <feature name="com.hmdglobal.feature.camera.HYPERLAPSE_MODE_SUPPORTED" />
    <feature name="com.hmdglobal.feature.camera.IQ_TUNING_BY_LUX_SUPPORTED" />
    <feature name="com.hmdglobal.feature.camera.MANUAL_IMAGE_ADJUSTMENT_SUPPORTED" />
    <feature name="com.hmdglobal.feature.camera.MOTION_PICTURE_SUPPORTED" />
    <feature name="com.hmdglobal.feature.camera.NIGHT_DARK_VISION_SUPPORTED" />
    <feature name="com.hmdglobal.feature.camera.NIGHT_IN_HAL_YUV_OUTPUT_SUPPORTED" />
    <feature name="com.hmdglobal.feature.camera.NIGHT_STAR_SUPPORTED" />
    <feature name="com.hmdglobal.feature.camera.NIGHT_TRIPOD_SUPPORTED" />
    <feature name="com.hmdglobal.feature.camera.NIGHT_VIDEO_IN_HAL_SUPPORTED" />
    <feature name="com.hmdglobal.feature.camera.OZO_SUPPORTED" />
    <feature name="com.hmdglobal.feature.camera.PANO_LOW_MODE_SUPPORTED" />
    <feature name="com.hmdglobal.feature.camera.PROCESS_HDR_NIGHT_IN_APP_AURA" />
    <feature name="com.hmdglobal.feature.camera.PROCESS_LOGICALCAM_BOKEH_IN_HAL" />
    <feature name="com.hmdglobal.feature.camera.PROCESS_PHOTO_FULL_SIZE_IN_APP_MAIA" />
    <feature name="com.hmdglobal.feature.camera.PROCESS_SR_IN_APP_MORPHO_SOLUTION_JSON_CONFIG_KEY" />
    <feature name="com.hmdglobal.feature.camera.PROCESS_UW_PHOTO_FUSION_IN_APP_MEROPE" />
    <feature name="com.hmdglobal.feature.camera.PROCESS_UW_PHOTO_SUPER_RES_IN_APP_MAIA" />
    <feature name="com.hmdglobal.feature.camera.PRO_ULTRA_WIDE_LENS_SUPPORTED" />
    <feature name="com.hmdglobal.feature.camera.RAW_HDR_SUPPORTED" />
    <feature name="com.hmdglobal.feature.camera.SAT_IN_SENSOR_ZOOM_SUPPORTED" />
    <feature name="com.hmdglobal.feature.camera.SAT_MODE_SUPPORTED" />
    <feature name="com.hmdglobal.feature.camera.SUPER_NIGHT_UW_LENS_SUPPORTED" />
    <feature name="com.hmdglobal.feature.camera.USE_FOCUS_DISTANCE_FEATURE" />
    <feature name="com.hmdglobal.feature.camera.VIDEO_RECORD_MIRROR_SUPPORTED" />
    <feature name="com.hmdglobal.feature.camera.WHATS_NEW_PAGE_SUPPORTED" />
    <feature name="" />
    <feature name="" />
    <!-- HTC -->
    <feature name="com.htc.android.lteumts" />
    <feature name="com.htc.android.rosie.widget" />
    <feature name="com.htc.dualcam" />
    <feature name="com.htc.hardware.display.camera_notch" />
    <feature name="com.htc.hardware.wallet" />
    <feature name="com.htc.htcadaptivesound_c" />
    <feature name="com.htc.key.dap" />
    <feature name="com.htc.lockscreen.fusion" />
    <feature name="com.htc.sensor.autocalibration" />
    <feature name="com.htc.sensor.autocalibration.xml" />
    <feature name="com.htc.sensor.edgesense" />
    <feature name="com.htc.sensor.hallsensor" />
    <feature name="com.htc.sensor.sensorhub" />
    <feature name="com.htc.software.A11AULAIO" />
    <feature name="com.htc.software.A11CHL" />
    <feature name="com.htc.software.A11UL" />
    <feature name="com.htc.software.A11ULAIO" />
    <feature name="com.htc.software.A12UL" />
    <feature name="com.htc.software.A13WL" />
    <feature name="com.htc.software.A15UL" />
    <feature name="com.htc.software.A16DWGL" />
    <feature name="com.htc.software.A16ULTMUS" />
    <feature name="com.htc.software.A16WL" />
    <feature name="com.htc.software.A17UHL" />
    <feature name="com.htc.software.A31DTUL" />
    <feature name="com.htc.software.A31MG_DUG" />
    <feature name="com.htc.software.A31UL" />
    <feature name="com.htc.software.A32DCGL" />
    <feature name="com.htc.software.A32EUL" />
    <feature name="com.htc.software.A32EULATT" />
    <feature name="com.htc.software.A32EWHL" />
    <feature name="com.htc.software.A32EWL" />
    <feature name="com.htc.software.A32MLDTUL" />
    <feature name="com.htc.software.A32UL" />
    <feature name="com.htc.software.A37DUGL" />
    <feature name="com.htc.software.A3QHDCL" />
    <feature name="com.htc.software.A3QHDUL" />
    <feature name="com.htc.software.A3TL" />
    <feature name="com.htc.software.A3UL" />
    <feature name="com.htc.software.A50AML" />
    <feature name="com.htc.software.A50CMGDWG" />
    <feature name="com.htc.software.A50CMLDTUL" />
    <feature name="com.htc.software.A50CMLTUHL" />
    <feature name="com.htc.software.A50DTUL" />
    <feature name="com.htc.software.A50MLDTUL" />
    <feature name="com.htc.software.A51BMLDTUL" />
    <feature name="com.htc.software.A51BMLDWGL" />
    <feature name="com.htc.software.A51BMLTUHL" />
    <feature name="com.htc.software.A51CMLDTUL" />
    <feature name="com.htc.software.A51CMLTUHL" />
    <feature name="com.htc.software.A51DTUL" />
    <feature name="com.htc.software.A51TUHL" />
    <feature name="com.htc.software.A51UL" />
    <feature name="com.htc.software.A52DTUL" />
    <feature name="com.htc.software.A52DWGL" />
    <feature name="com.htc.software.A52TUHL" />
    <feature name="com.htc.software.A53MLDTUL" />
    <feature name="com.htc.software.A55MLDTUL" />
    <feature name="com.htc.software.A56DJDUGL" />
    <feature name="com.htc.software.A56DJPRODTWL" />
    <feature name="com.htc.software.A56DJPRODUGL" />
    <feature name="com.htc.software.A56DJPROUHL" />
    <feature name="com.htc.software.A56DJUHL" />
    <feature name="com.htc.software.A56DJUL" />
    <feature name="com.htc.software.A56DUGL" />
    <feature name="com.htc.software.A56UHL" />
    <feature name="com.htc.software.A5CHL" />
    <feature name="com.htc.software.A5DUG" />
    <feature name="com.htc.software.A5DUGL" />
    <feature name="com.htc.software.A5DWG" />
    <feature name="com.htc.software.A5DWGL" />
    <feature name="com.htc.software.A5MDUG" />
    <feature name="com.htc.software.A5MGDUG" />
    <feature name="com.htc.software.A5MGPDUG" />
    <feature name="com.htc.software.A5TL" />
    <feature name="com.htc.software.A5UL" />
    <feature name="com.htc.software.ACADIAUHL" />
    <feature name="com.htc.software.ACADIAWHL" />
    <feature name="com.htc.software.ARA" />
    <feature name="com.htc.software.ATT" />
    <feature name="com.htc.software.AlpineDUGL" />
    <feature name="com.htc.software.AlpineUHL" />
    <feature name="com.htc.software.Asia" />
    <feature name="com.htc.software.B2UHL" />
    <feature name="com.htc.software.B2WLJ" />
    <feature name="com.htc.software.B3UHL" />
    <feature name="com.htc.software.B3UHLASIA" />
    <feature name="com.htc.software.Boost" />
    <feature name="com.htc.software.BrightStarUS" />
    <feature name="com.htc.software.C3DUG" />
    <feature name="com.htc.software.CHS" />
    <feature name="com.htc.software.CHT" />
    <feature name="com.htc.software.CMCC" />
    <feature name="com.htc.software.CP2DUG" />
    <feature name="com.htc.software.CP2U" />
    <feature name="com.htc.software.CP3DCG" />
    <feature name="com.htc.software.CP3DTG" />
    <feature name="com.htc.software.CP3DUG" />
    <feature name="com.htc.software.CT" />
    <feature name="com.htc.software.CU" />
    <feature name="com.htc.software.CricketUS" />
    <feature name="com.htc.software.CsnDUG" />
    <feature name="com.htc.software.CsnU" />
    <feature name="com.htc.software.DE" />
    <feature name="com.htc.software.DlpDTU" />
    <feature name="com.htc.software.DlpDUG" />
    <feature name="com.htc.software.DlpDWG" />
    <feature name="com.htc.software.Dlx" />
    <feature name="com.htc.software.DlxJ" />
    <feature name="com.htc.software.DlxU" />
    <feature name="com.htc.software.DlxUB1" />
    <feature name="com.htc.software.DlxpUL" />
    <feature name="com.htc.software.E36MLUHL" />
    <feature name="com.htc.software.E36MLUL" />
    <feature name="com.htc.software.E56MLDTUL" />
    <feature name="com.htc.software.E56MLTUHL" />
    <feature name="com.htc.software.E66DTWL" />
    <feature name="com.htc.software.E66DUGL" />
    <feature name="com.htc.software.E66UHL" />
    <feature name="com.htc.software.EXODUGL" />
    <feature name="com.htc.software.EndeavorU" />
    <feature name="com.htc.software.EnrC2B" />
    <feature name="com.htc.software.Evita" />
    <feature name="com.htc.software.EvitaUTL" />
    <feature name="com.htc.software.EvitareUL" />
    <feature name="com.htc.software.EyeTUHL" />
    <feature name="com.htc.software.EyeUL" />
    <feature name="com.htc.software.EyeULATT" />
    <feature name="com.htc.software.FET" />
    <feature name="com.htc.software.Fireball" />
    <feature name="com.htc.software.G3U" />
    <feature name="com.htc.software.GPSense" />
    <feature name="com.htc.software.H3G" />
    <feature name="com.htc.software.HIAAEROTUHL" />
    <feature name="com.htc.software.HIAAEROUHL" />
    <feature name="com.htc.software.HIAAEROULATT" />
    <feature name="com.htc.software.HIAAEROWHL" />
    <feature name="com.htc.software.HIACMLDTUL" />
    <feature name="com.htc.software.HIAUMLTUHL" />
    <feature name="com.htc.software.HIAURMLTUHL" />
    <feature name="com.htc.software.HIMAR2MLUHL" />
    <feature name="com.htc.software.HIMARMLUHL" />
    <feature name="com.htc.software.HIMAUHL" />
    <feature name="com.htc.software.HIMAULATT" />
    <feature name="com.htc.software.HIMAULTMO" />
    <feature name="com.htc.software.HIMAULTRAMLFHDTUHL" />
    <feature name="com.htc.software.HIMAWHL" />
    <feature name="com.htc.software.HIMAWL" />
    <feature name="com.htc.software.HK" />
    <feature name="com.htc.software.HTC" />
    <feature name="com.htc.software.HarmonyDTWL" />
    <feature name="com.htc.software.HarmonyDUGL" />
    <feature name="com.htc.software.HtcSense8.0" />
    <feature name="com.htc.software.IHSense" />
    <feature name="com.htc.software.IMEDTWL" />
    <feature name="com.htc.software.IMEDUGL" />
    <feature name="com.htc.software.IMEUHL" />
    <feature name="com.htc.software.IMEUHLJAPAN" />
    <feature name="com.htc.software.IND" />
    <feature name="com.htc.software.ImnJ" />
    <feature name="com.htc.software.Jewel" />
    <feature name="com.htc.software.K2cl" />
    <feature name="com.htc.software.K2plccl" />
    <feature name="com.htc.software.K2u" />
    <feature name="com.htc.software.K2ul" />
    <feature name="com.htc.software.KDDI" />
    <feature name="com.htc.software.M4UL" />
    <feature name="com.htc.software.M7CDTU" />
    <feature name="com.htc.software.M7CDUG" />
    <feature name="com.htc.software.M7CDWG" />
    <feature name="com.htc.software.M7wlj" />
    <feature name="com.htc.software.M7wls" />
    <feature name="com.htc.software.M7wlv" />
    <feature name="com.htc.software.M8DUGL" />
    <feature name="com.htc.software.M8DWGL" />
    <feature name="com.htc.software.M8EyeTUHL" />
    <feature name="com.htc.software.M8EyeUHL" />
    <feature name="com.htc.software.M8QLUL" />
    <feature name="com.htc.software.M8TL" />
    <feature name="com.htc.software.M8UL" />
    <feature name="com.htc.software.M8WHL" />
    <feature name="com.htc.software.M8WL" />
    <feature name="com.htc.software.MECDUGL" />
    <feature name="com.htc.software.MECDWGL" />
    <feature name="com.htc.software.MECTL" />
    <feature name="com.htc.software.MECUL" />
    <feature name="com.htc.software.MECULEmea" />
    <feature name="com.htc.software.MECWHL" />
    <feature name="com.htc.software.MEMUL" />
    <feature name="com.htc.software.MEMWL" />
    <feature name="com.htc.software.MagniDS" />
    <feature name="com.htc.software.MystUL" />
    <feature name="com.htc.software.O2" />
    <feature name="com.htc.software.OCEANDUGL" />
    <feature name="com.htc.software.ODF" />
    <feature name="com.htc.software.OceanDTWL" />
    <feature name="com.htc.software.OceanDUGL" />
    <feature name="com.htc.software.OceanLifeUHL" />
    <feature name="com.htc.software.OceanLifeUHLJAPAN" />
    <feature name="com.htc.software.OceanLifeUL" />
    <feature name="com.htc.software.OceanMDTWL" />
    <feature name="com.htc.software.OceanMDUGL" />
    <feature name="com.htc.software.OceanNoteDTWL" />
    <feature name="com.htc.software.OceanNoteDUGL" />
    <feature name="com.htc.software.OceanNoteUHL" />
    <feature name="com.htc.software.OceanUHL" />
    <feature name="com.htc.software.OceanUHLJAPAN" />
    <feature name="com.htc.software.OceanWHL" />
    <feature name="com.htc.software.Orange" />
    <feature name="com.htc.software.PMEC2TUHL" />
    <feature name="com.htc.software.PMEUHL" />
    <feature name="com.htc.software.PMEUHLJAPAN" />
    <feature name="com.htc.software.PMEULONEBOM" />
    <feature name="com.htc.software.PMEWHL" />
    <feature name="com.htc.software.PlayGroup1" />
    <feature name="com.htc.software.ProtoDCG" />
    <feature name="com.htc.software.ProtoDUG" />
    <feature name="com.htc.software.ProtoU" />
    <feature name="com.htc.software.RTX" />
    <feature name="com.htc.software.SFR" />
    <feature name="com.htc.software.Sense4.0" />
    <feature name="com.htc.software.Sense4.5" />
    <feature name="com.htc.software.Sense5.0" />
    <feature name="com.htc.software.Sense5.1" />
    <feature name="com.htc.software.Sense5.2" />
    <feature name="com.htc.software.Sense5.3" />
    <feature name="com.htc.software.Sense5.5" />
    <feature name="com.htc.software.Sense6.0" />
    <feature name="com.htc.software.Sense7.0" />
    <feature name="com.htc.software.Sense8.0" />
    <feature name="com.htc.software.Sense8.3" />
    <feature name="com.htc.software.Sprint" />
    <feature name="com.htc.software.T6DUG" />
    <feature name="com.htc.software.T6DWG" />
    <feature name="com.htc.software.T6TL" />
    <feature name="com.htc.software.T6UHL" />
    <feature name="com.htc.software.T6UL" />
    <feature name="com.htc.software.T6WHL" />
    <feature name="com.htc.software.T6WL" />
    <feature name="com.htc.software.TMI" />
    <feature name="com.htc.software.TW" />
    <feature name="com.htc.software.Tim" />
    <feature name="com.htc.software.TotemC2" />
    <feature name="com.htc.software.UK" />
    <feature name="com.htc.software.V01AU" />
    <feature name="com.htc.software.V01U" />
    <feature name="com.htc.software.V02DUG" />
    <feature name="com.htc.software.V0DUG" />
    <feature name="com.htc.software.V1DUG" />
    <feature name="com.htc.software.V1U" />
    <feature name="com.htc.software.V2C" />
    <feature name="com.htc.software.V2DCG" />
    <feature name="com.htc.software.V2DTG" />
    <feature name="com.htc.software.V2DUG" />
    <feature name="com.htc.software.V36BMLDUGL" />
    <feature name="com.htc.software.V36BMLUHL" />
    <feature name="com.htc.software.VILLE" />
    <feature name="com.htc.software.VMUS" />
    <feature name="com.htc.software.VNM" />
    <feature name="com.htc.software.Valentewx" />
    <feature name="com.htc.software.Valentewxc9" />
    <feature name="com.htc.software.Verizon" />
    <feature name="com.htc.software.VilleC2" />
    <feature name="com.htc.software.VodaFone" />
    <feature name="com.htc.software.WWE" />
    <feature name="com.htc.software.Z4DUG" />
    <feature name="com.htc.software.Z4U" />
    <feature name="com.htc.software.ZaraCL" />
    <feature name="com.htc.software.ZaraDUG" />
    <feature name="com.htc.software.ZaraUL" />
    <feature name="com.htc.software.ZaraWL" />
    <feature name="com.htc.software.aod" />
    <feature name="com.htc.software.exouhl" />
    <feature name="com.htc.software.hdk" />
    <feature name="com.htc.software.hdk2" />
    <feature name="com.htc.software.hdk3" />
    <feature name="com.htc.software.screencapture" />
    <feature name="com.htc.software.seconddisplay.alwayson" />
    <feature name="com.htc.software.seconddisplay.externalbar" />
    <feature name="com.htc.sunny2" />
    <feature name="com.htc.voicedictation_c" />
    <feature name="com.htc.vte" />
    <!-- Infinix -->
    <feature name="com.infinix.software" />
    <feature name="com.intermec.android" />
    <feature name="com.intigral.launcher.feature" />
    <!-- Lenovo -->
    <feature name="com.lenovo.akgservice" />
    <feature name="com.lenovo.android.feature.STYLUS_PEN" />
    <feature name="com.lenovo.flash.test" />
    <feature name="com.lenovo.framework.appiconintegration.support" />
    <feature name="com.lenovo.framework.ziptheme.support" />
    <feature name="com.lenovo.hardware.display.camera_notch" />
    <feature name="com.lenovo.hardware.fm" />
    <feature name="com.lenovo.hardware.fm.antenna.builtin" />
    <feature name="com.lenovo.hardware.piezo_speaker" />
    <feature name="com.lenovo.mic.loopback" />
    <feature name="com.lenovo.pcba.test" />
    <feature name="com.lenovo.project" />
    <feature name="com.lenovo.settings.wifi.with_launcher" />
    <feature name="com.lenovo.software.wifi_password_share" />
    <feature name="com.lenovo.theme.editorfonttypeface" />
    <feature name="com.lenovo.theme.fontsupport" />
    <feature name="com.lenovo.themecenter.sendbroadcasttolockscreen.support" />
    <feature name="com.lenovo.themecenter.unzipres.support" />
    <feature name="com.lenovo.togglewindow.enable" />
    <feature name="com.lenovo.weather.custom.widget.support" />
    <feature name="com.lenovo.ziptheme.custompreload.support" />
    <feature name="com.zui.camera" />
    <feature name="com.zui.dual.vibrator" />
    <feature name="com.zui.gaming.bar" />
    <feature name="com.zui.legion.light" />
    <feature name="lenovo.software.android_plus" />
    <feature name="lenovo.software.biometrics.face" />
    <!-- Microsoft -->
    <feature name="com.microsoft.android.feature.REMOTE_TASKS" />
    <feature name="com.microsoft.cortana" />
    <feature name="com.microsoft.surface.android.feature.SURFACE_2021_EXPERIENCE" />
    <feature name="com.microsoft.surface.android.feature.SURFACE_2022_EXPERIENCE" />
    <feature name="com.microsoft.surface.android.feature.SURFACE_2023_EXPERIENCE" />
    <feature name="com.microsoft.surface.android.feature.SURFACE_EXPERIENCE" />
    <!-- Motorola -->
    <feature name="com.motorola.actions" />
    <feature name="com.motorola.actions.2017" />
    <feature name="com.motorola.aiservices" />
    <feature name="com.motorola.android.providers.userpreferredsim" />
    <feature name="com.motorola.aon.quickpeek" />
    <feature name="com.motorola.aov.ap_v1" />
    <feature name="com.motorola.aov.ap_v2" />
    <feature name="com.motorola.aov.ap_v3" />
    <feature name="com.motorola.aov.ap_v4" />
    <feature name="com.motorola.aov.bt_sco_v1" />
    <feature name="com.motorola.aov.dsp_v1" />
    <feature name="com.motorola.aov.dsp_v2" />
    <feature name="com.motorola.aov.dsp_v3" />
    <feature name="com.motorola.aov.dsp_v4" />
    <feature name="com.motorola.appforecast" />
    <feature name="com.motorola.appforecast.RAM_DISK" />
    <feature name="com.motorola.arselfie" />
    <feature name="com.motorola.avatar" />
    <feature name="com.motorola.bettertogether" />
    <feature name="com.motorola.blur.helpcenter" />
    <feature name="com.motorola.camera" />
    <feature name="com.motorola.camera.chalmers" />
    <feature name="com.motorola.camera2" />
    <feature name="com.motorola.camera2.content.ai" />
    <feature name="com.motorola.camera2.denali" />
    <feature name="com.motorola.camera2.denali32" />
    <feature name="com.motorola.camera2.hallasan" />
    <feature name="com.motorola.camera2.jade" />
    <feature name="com.motorola.camera2.jade32" />
    <feature name="com.motorola.camera2.logan" />
    <feature name="com.motorola.camera2.nevis" />
    <feature name="com.motorola.camera2.whitney" />
    <feature name="com.motorola.camera2.whitney32" />
    <feature name="com.motorola.camera3" />
    <feature name="com.motorola.camera3.austin" />
    <feature name="com.motorola.camera3.berlin" />
    <feature name="com.motorola.camera3.berlna" />
    <feature name="com.motorola.camera3.borneo" />
    <feature name="com.motorola.camera3.capri" />
    <feature name="com.motorola.camera3.caprip" />
    <feature name="com.motorola.camera3.cebu" />
    <feature name="com.motorola.camera3.cofud" />
    <feature name="com.motorola.camera3.coful" />
    <feature name="com.motorola.camera3.content.ai" />
    <feature name="com.motorola.camera3.corfu" />
    <feature name="com.motorola.camera3.corfur" />
    <feature name="com.motorola.camera3.cypfq" />
    <feature name="com.motorola.camera3.denver" />
    <feature name="com.motorola.camera3.ellis" />
    <feature name="com.motorola.camera3.guam" />
    <feature name="com.motorola.camera3.guamna" />
    <feature name="com.motorola.camera3.hanoip" />
    <feature name="com.motorola.camera3.hiphi" />
    <feature name="com.motorola.camera3.hiphic" />
    <feature name="com.motorola.camera3.hiphid" />
    <feature name="com.motorola.camera3.ibiza" />
    <feature name="com.motorola.camera3.kiev" />
    <feature name="com.motorola.camera3.kievv" />
    <feature name="com.motorola.camera3.kyoto" />
    <feature name="com.motorola.camera3.lisbon" />
    <feature name="com.motorola.camera3.milan" />
    <feature name="com.motorola.camera3.minsk" />
    <feature name="com.motorola.camera3.nio" />
    <feature name="com.motorola.camera3.pstar" />
    <feature name="com.motorola.camera3.rhode" />
    <feature name="com.motorola.camera3.saipan" />
    <feature name="com.motorola.camera3.smith" />
    <feature name="com.motorola.camera3.tonga" />
    <feature name="com.motorola.camera3.xpeng" />
    <feature name="com.motorola.cameraone" />
    <feature name="com.motorola.cameraonemtk" />
    <feature name="com.motorola.context" />
    <feature name="com.motorola.deviceauthenticator" />
    <feature name="com.motorola.dtv" />
    <feature name="com.motorola.easyprefix" />
    <feature name="com.motorola.email" />
    <feature name="com.motorola.enterprise" />
    <feature name="com.motorola.extensions.tracfone.features.uniquekey" />
    <feature name="com.motorola.faceunlock" />
    <feature name="com.motorola.filemanager.phoenix" />
    <feature name="com.motorola.game_moment" />
    <feature name="com.motorola.gesture.cli.partial" />
    <feature name="com.motorola.gifmaker" />
    <feature name="com.motorola.groupimageviewer" />
    <feature name="com.motorola.guideme" />
    <feature name="com.motorola.haptic" />
    <feature name="com.motorola.hardware.5gmod" />
    <feature name="com.motorola.hardware.CIR" />
    <feature name="com.motorola.hardware.CIR.UEI" />
    <feature name="com.motorola.hardware.active_stylus" />
    <feature name="com.motorola.hardware.cli" />
    <feature name="com.motorola.hardware.display.camera_notch" />
    <feature name="com.motorola.hardware.dtv" />
    <feature name="com.motorola.hardware.fingerprint" />
    <feature name="com.motorola.hardware.mods" />
    <feature name="com.motorola.hardware.mods_v2" />
    <feature name="com.motorola.hardware.tier." />
    <feature name="com.motorola.hardware.tier.E" />
    <feature name="com.motorola.hardware.tier.G" />
    <feature name="com.motorola.hardware.tier.K" />
    <feature name="com.motorola.hardware.tier.One" />
    <feature name="com.motorola.hardware.tier.X" />
    <feature name="com.motorola.hardware.tier.Z" />
    <feature name="com.motorola.hardware.wave.0" />
    <feature name="com.motorola.hardware.wave.2015.1" />
    <feature name="com.motorola.hardware.wave.2015.2" />
    <feature name="com.motorola.hardware.wave.2016.1" />
    <feature name="com.motorola.hardware.wave.2017.1" />
    <feature name="com.motorola.hardware.wave.2017.2" />
    <feature name="com.motorola.hardware.wave.2017.3" />
    <feature name="com.motorola.hardware.wave.2018.1" />
    <feature name="com.motorola.hardware.wave.2018.2" />
    <feature name="com.motorola.hardware.wave.2018.3" />
    <feature name="com.motorola.hardware.wave.2018.4" />
    <feature name="com.motorola.hardware.wave.2019.1" />
    <feature name="com.motorola.hardware.wave.2019.2" />
    <feature name="com.motorola.hardware.wave.2019.3" />
    <feature name="com.motorola.hardware.wireless_power_share" />
    <feature name="com.motorola.help" />
    <feature name="com.motorola.help.extlog" />
    <feature name="com.motorola.launcher3" />
    <feature name="com.motorola.launcher3.customdarktheme" />
    <feature name="com.motorola.launcher3.delete" />
    <feature name="com.motorola.launcher3.googlehomemigration" />
    <feature name="com.motorola.launcher3.gridcustomization" />
    <feature name="com.motorola.launcher3.twoline" />
    <feature name="com.motorola.launcher3.whitetheme" />
    <feature name="com.motorola.livestream" />
    <feature name="com.motorola.lmi.rescue" />
    <feature name="com.motorola.marleyenrollmentservice.enrollment_service" />
    <feature name="com.motorola.maya" />
    <feature name="com.motorola.messaging" />
    <feature name="com.motorola.messaging.att" />
    <feature name="com.motorola.motcameradesktop" />
    <feature name="com.motorola.motgallery" />
    <feature name="com.motorola.motgallery2" />
    <feature name="com.motorola.motmusic" />
    <feature name="com.motorola.moto" />
    <feature name="com.motorola.moto.MOTO_VOICE_DISABLED_4_3" />
    <feature name="com.motorola.moto.MOTO_VOICE_ENABLED_4_2" />
    <feature name="com.motorola.moto.premium2018" />
    <feature name="com.motorola.moto.uirefresh" />
    <feature name="com.motorola.moto.value" />
    <feature name="com.motorola.moto.value2018" />
    <feature name="com.motorola.motoalexa" />
    <feature name="com.motorola.motoalexa.amokhybrid" />
    <feature name="com.motorola.motodisplay.6.0" />
    <feature name="com.motorola.motodisplay.doze" />
    <feature name="com.motorola.motodisplay.doze.glimpse" />
    <feature name="com.motorola.motoemail" />
    <feature name="com.motorola.motokey" />
    <feature name="com.motorola.motokey.fpsfallback" />
    <feature name="com.motorola.motokey.mkprovider" />
    <feature name="com.motorola.motolivewallpaper" />
    <feature name="com.motorola.motolivewallpaper.support.astro" />
    <feature name="com.motorola.motolivewallpaper.support.guam" />
    <feature name="com.motorola.motolivewallpaper.support.guamp" />
    <feature name="com.motorola.motolivewallpaper.support.liber" />
    <feature name="com.motorola.motolivewallpaper.support.nairo" />
    <feature name="com.motorola.motolivewallpaper.support.nairo_retail" />
    <feature name="com.motorola.motolivewallpaper.support.odessa" />
    <feature name="com.motorola.motolivewallpaper.support.racer" />
    <feature name="com.motorola.motolivewallpaper.support.twilight_twist" />
    <feature name="com.motorola.motolivewallpaper.support.voyager" />
    <feature name="com.motorola.motolivewallpaper3.support.chroma_plume" />
    <feature name="com.motorola.motolivewallpaper3.support.titan" />
    <feature name="com.motorola.motolivewallpaper3.support.twilight_twist" />
    <feature name="com.motorola.motosignature" />
    <feature name="com.motorola.motosound" />
    <feature name="com.motorola.mototour" />
    <feature name="com.motorola.motovoicelite.aov_ttm" />
    <feature name="com.motorola.msimsettings" />
    <feature name="com.motorola.nfcauthenticator" />
    <feature name="com.motorola.nuance.vsuiteapp" />
    <feature name="com.motorola.photoeditor" />
    <feature name="com.motorola.readyfor" />
    <feature name="com.motorola.readyforservice" />
    <feature name="com.motorola.retrogames.astro.1.0" />
    <feature name="com.motorola.screenshoteditor" />
    <feature name="com.motorola.sdencryption" />
    <feature name="com.motorola.sensorhub.msp430.mr2" />
    <feature name="com.motorola.sensorhub.stm401" />
    <feature name="com.motorola.sensorhub.stml0" />
    <feature name="com.motorola.sensorhub.stml0xx" />
    <feature name="com.motorola.sensorhub.stml47x" />
    <feature name="com.motorola.settings.display_metrics_on_lid_state_change" />
    <feature name="com.motorola.simmanager" />
    <feature name="com.motorola.situation.library" />
    <feature name="com.motorola.smartaction" />
    <feature name="com.motorola.smartaction.kk" />
    <feature name="com.motorola.smartaction2" />
    <feature name="com.motorola.smartactions2_1.1" />
    <feature name="com.motorola.smartcardock" />
    <feature name="com.motorola.smartdock" />
    <feature name="com.motorola.smartmode" />
    <feature name="com.motorola.software.DirectedSMSProxy" />
    <feature name="com.motorola.software.PRELOADS_REQUIRE_PERMISSION_PROMPTS" />
    <feature name="com.motorola.software.RESTRICTED_GOOGLE_ACCESS" />
    <feature name="com.motorola.software.alwaysondisplay" />
    <feature name="com.motorola.software.audiofx" />
    <feature name="com.motorola.software.audiorecorder" />
    <feature name="com.motorola.software.bodyguard" />
    <feature name="com.motorola.software.device.addison" />
    <feature name="com.motorola.software.device.ahannah" />
    <feature name="com.motorola.software.device.albus" />
    <feature name="com.motorola.software.device.ali" />
    <feature name="com.motorola.software.device.aljeter" />
    <feature name="com.motorola.software.device.athene" />
    <feature name="com.motorola.software.device.beckham" />
    <feature name="com.motorola.software.device.brady" />
    <feature name="com.motorola.software.device.cedric" />
    <feature name="com.motorola.software.device.chef" />
    <feature name="com.motorola.software.device.clark" />
    <feature name="com.motorola.software.device.clark_ds" />
    <feature name="com.motorola.software.device.condor_cdma" />
    <feature name="com.motorola.software.device.condor_udstv" />
    <feature name="com.motorola.software.device.condor_umts" />
    <feature name="com.motorola.software.device.condor_umtsds" />
    <feature name="com.motorola.software.device.deen" />
    <feature name="com.motorola.software.device.evert" />
    <feature name="com.motorola.software.device.falcon_cdma" />
    <feature name="com.motorola.software.device.falcon_umts" />
    <feature name="com.motorola.software.device.falcon_umtsds" />
    <feature name="com.motorola.software.device.ghost" />
    <feature name="com.motorola.software.device.griffin" />
    <feature name="com.motorola.software.device.hannah" />
    <feature name="com.motorola.software.device.harpia" />
    <feature name="com.motorola.software.device.james" />
    <feature name="com.motorola.software.device.jeter" />
    <feature name="com.motorola.software.device.kane" />
    <feature name="com.motorola.software.device.kinzie" />
    <feature name="com.motorola.software.device.kinzie_uds" />
    <feature name="com.motorola.software.device.kungfu_m" />
    <feature name="com.motorola.software.device.lake" />
    <feature name="com.motorola.software.device.lux" />
    <feature name="com.motorola.software.device.lux_uds" />
    <feature name="com.motorola.software.device.manning" />
    <feature name="com.motorola.software.device.marino" />
    <feature name="com.motorola.software.device.merlin" />
    <feature name="com.motorola.software.device.messi" />
    <feature name="com.motorola.software.device.montana" />
    <feature name="com.motorola.software.device.moto360" />
    <feature name="com.motorola.software.device.nash" />
    <feature name="com.motorola.software.device.nicklaus" />
    <feature name="com.motorola.software.device.nora" />
    <feature name="com.motorola.software.device.nora_8917" />
    <feature name="com.motorola.software.device.obake" />
    <feature name="com.motorola.software.device.osprey_cdma" />
    <feature name="com.motorola.software.device.osprey_u2" />
    <feature name="com.motorola.software.device.osprey_ud2" />
    <feature name="com.motorola.software.device.osprey_uds" />
    <feature name="com.motorola.software.device.osprey_udstv" />
    <feature name="com.motorola.software.device.osprey_umts" />
    <feature name="com.motorola.software.device.otus" />
    <feature name="com.motorola.software.device.otus_ds" />
    <feature name="com.motorola.software.device.owens" />
    <feature name="com.motorola.software.device.payton" />
    <feature name="com.motorola.software.device.payton_sprout" />
    <feature name="com.motorola.software.device.peregrine" />
    <feature name="com.motorola.software.device.perry" />
    <feature name="com.motorola.software.device.pettyl" />
    <feature name="com.motorola.software.device.potter" />
    <feature name="com.motorola.software.device.quark" />
    <feature name="com.motorola.software.device.quark_umts" />
    <feature name="com.motorola.software.device.rhannah" />
    <feature name="com.motorola.software.device.rjames" />
    <feature name="com.motorola.software.device.rjames_go" />
    <feature name="com.motorola.software.device.sanders" />
    <feature name="com.motorola.software.device.shamu_t" />
    <feature name="com.motorola.software.device.smelt" />
    <feature name="com.motorola.software.device.sperry" />
    <feature name="com.motorola.software.device.surfna" />
    <feature name="com.motorola.software.device.surnia_cdma" />
    <feature name="com.motorola.software.device.surnia_uds" />
    <feature name="com.motorola.software.device.surnia_udstv" />
    <feature name="com.motorola.software.device.surnia_umts" />
    <feature name="com.motorola.software.device.thea" />
    <feature name="com.motorola.software.device.thea_ds" />
    <feature name="com.motorola.software.device.thea_umtsds" />
    <feature name="com.motorola.software.device.titan_udstv" />
    <feature name="com.motorola.software.device.titan_umts" />
    <feature name="com.motorola.software.device.titan_umtsds" />
    <feature name="com.motorola.software.device.victara" />
    <feature name="com.motorola.software.device.woods" />
    <feature name="com.motorola.software.dolbyui" />
    <feature name="com.motorola.software.droid_line" />
    <feature name="com.motorola.software.feature.waterfall.window_flag_skip_screenshot" />
    <feature name="com.motorola.software.feature.window_flag_skip_screenshot" />
    <feature name="com.motorola.software.fmplayermtk" />
    <feature name="com.motorola.software.fmradioservice" />
    <feature name="com.motorola.software.fmrecording" />
    <feature name="com.motorola.software.folio" />
    <feature name="com.motorola.software.game_mode" />
    <feature name="com.motorola.software.guideme" />
    <feature name="com.motorola.software.leanback_launcher" />
    <feature name="com.motorola.software.modality" />
    <feature name="com.motorola.software.motoaudio.motowaves" />
    <feature name="com.motorola.software.motodisplay.fd.screenoff" />
    <feature name="com.motorola.software.motodisplay.pd.screenoff" />
    <feature name="com.motorola.software.motoedgeassistant" />
    <feature name="com.motorola.software.motofpstouch" />
    <feature name="com.motorola.software.motointelligence" />
    <feature name="com.motorola.software.motosound" />
    <feature name="com.motorola.software.motosound.8.0" />
    <feature name="com.motorola.software.mya" />
    <feature name="com.motorola.software.mya.callinmeeting" />
    <feature name="com.motorola.software.notification" />
    <feature name="com.motorola.software.product.addison_verizon" />
    <feature name="com.motorola.software.product.ahannah_retcn" />
    <feature name="com.motorola.software.product.albus_retail" />
    <feature name="com.motorola.software.product.ali_retail" />
    <feature name="com.motorola.software.product.aljeter_retail" />
    <feature name="com.motorola.software.product.athene_retail" />
    <feature name="com.motorola.software.product.beckham_retail" />
    <feature name="com.motorola.software.product.brady_retail" />
    <feature name="com.motorola.software.product.cedric_retail" />
    <feature name="com.motorola.software.product.chef_cmcc" />
    <feature name="com.motorola.software.product.clark_retar" />
    <feature name="com.motorola.software.product.clark_retla_ds" />
    <feature name="com.motorola.software.product.condor_repw" />
    <feature name="com.motorola.software.product.condor_retaildsds" />
    <feature name="com.motorola.software.product.condor_retbr_tv_ds" />
    <feature name="com.motorola.software.product.condor_tefla" />
    <feature name="com.motorola.software.product.deen_retcn" />
    <feature name="com.motorola.software.product.evert_retail" />
    <feature name="com.motorola.software.product.falcon_amxbr_ds" />
    <feature name="com.motorola.software.product.falcon_iusmx_fe" />
    <feature name="com.motorola.software.product.falcon_usc" />
    <feature name="com.motorola.software.product.ghost_verizon" />
    <feature name="com.motorola.software.product.griffin_verizon" />
    <feature name="com.motorola.software.product.hannah_sprint" />
    <feature name="com.motorola.software.product.harpia_retail" />
    <feature name="com.motorola.software.product.james_retail" />
    <feature name="com.motorola.software.product.jeter_retail" />
    <feature name="com.motorola.software.product.kane_retcn" />
    <feature name="com.motorola.software.product.kinzie_retmx_ds" />
    <feature name="com.motorola.software.product.kinzie_verizon" />
    <feature name="com.motorola.software.product.kungfu_m" />
    <feature name="com.motorola.software.product.lake_retcn" />
    <feature name="com.motorola.software.product.lux_retail_ds" />
    <feature name="com.motorola.software.product.lux_retla" />
    <feature name="com.motorola.software.product.manning_retail" />
    <feature name="com.motorola.software.product.marino_retail" />
    <feature name="com.motorola.software.product.merlin_retasia" />
    <feature name="com.motorola.software.product.messi_verizon" />
    <feature name="com.motorola.software.product.montana_retail" />
    <feature name="com.motorola.software.product.montana_retlock" />
    <feature name="com.motorola.software.product.nash_retail" />
    <feature name="com.motorola.software.product.nicklaus_retail" />
    <feature name="com.motorola.software.product.nora_row" />
    <feature name="com.motorola.software.product.nora_trac" />
    <feature name="com.motorola.software.product.obake_verizon" />
    <feature name="com.motorola.software.product.osprey_retasia_ds" />
    <feature name="com.motorola.software.product.osprey_retasia_ds_2gb" />
    <feature name="com.motorola.software.product.osprey_retbr_dstv" />
    <feature name="com.motorola.software.product.osprey_reteu" />
    <feature name="com.motorola.software.product.osprey_retla_na_2gb" />
    <feature name="com.motorola.software.product.osprey_usc" />
    <feature name="com.motorola.software.product.otus_niibr_ds" />
    <feature name="com.motorola.software.product.otus_retuglb" />
    <feature name="com.motorola.software.product.owens_verizon" />
    <feature name="com.motorola.software.product.payton_fi" />
    <feature name="com.motorola.software.product.payton_retail" />
    <feature name="com.motorola.software.product.peregrine_tefla" />
    <feature name="com.motorola.software.product.perry_metropcs" />
    <feature name="com.motorola.software.product.perry_verizon" />
    <feature name="com.motorola.software.product.pettyl" />
    <feature name="com.motorola.software.product.potter_amz" />
    <feature name="com.motorola.software.product.potter_retail" />
    <feature name="com.motorola.software.product.quark_niibr" />
    <feature name="com.motorola.software.product.quark_verizon" />
    <feature name="com.motorola.software.product.rhannah_retail" />
    <feature name="com.motorola.software.product.rjames_go_vzw" />
    <feature name="com.motorola.software.product.rjames_retail" />
    <feature name="com.motorola.software.product.sanders_retail" />
    <feature name="com.motorola.software.product.shamu_retcn" />
    <feature name="com.motorola.software.product.sperry_sprint" />
    <feature name="com.motorola.software.product.surfna_vzw" />
    <feature name="com.motorola.software.product.surnia_lra" />
    <feature name="com.motorola.software.product.surnia_retbr_ds" />
    <feature name="com.motorola.software.product.surnia_retbr_dstv" />
    <feature name="com.motorola.software.product.surnia_retla" />
    <feature name="com.motorola.software.product.thea_retasia_ds" />
    <feature name="com.motorola.software.product.thea_retbr_ds" />
    <feature name="com.motorola.software.product.thea_retes" />
    <feature name="com.motorola.software.product.titan_retbr_ds" />
    <feature name="com.motorola.software.product.titan_retbr_dstv" />
    <feature name="com.motorola.software.product.titan_retmx" />
    <feature name="com.motorola.software.product.victara_retbr" />
    <feature name="com.motorola.software.product.woods_retail" />
    <feature name="com.motorola.software.smartnotifications" />
    <feature name="com.motorola.software.sprint.hd_call" />
    <feature name="com.motorola.software.sprint.hidden_menu" />
    <feature name="com.motorola.software.storageoptimizer" />
    <feature name="com.motorola.software.watch" />
    <feature name="com.motorola.software.x_line" />
    <feature name="com.motorola.stylus" />
    <feature name="com.motorola.suggestions" />
    <feature name="com.motorola.targetnotif" />
    <feature name="com.motorola.timeweatherwidget" />
    <feature name="com.motorola.timezonedata.SUPPORTED" />
    <feature name="com.motorola.triggerenroll.ap_v1" />
    <feature name="com.motorola.triggerenroll.dsp_v1" />
    <feature name="com.motorola.trustagents" />
    <feature name="com.motorola.ts.camera" />
    <feature name="com.motorola.tts" />
    <feature name="com.motorola.vpn.cisco" />
    <feature name="com.motorola.vpn.juniper" />
    <feature name="com.motorola.vpn.safenet" />
    <feature name="com.motorola.watch" />
    <feature name="com.motorola.wirelessdisplay" />
    <feature name="com.motorola.zap" />
    <feature name="com.motorolasolutions.software.enterprise.applist" />
    <feature name="com.motorolasolutions.software.enterprise.applock" />
    <feature name="com.motorolasolutions.software.enterprise.multiuser" />
    <feature name="com.motorolasolutions.software.enterprise.securestorage" />
    <library name="com.motorola.android.settings.shared" file="/system/framework/xmlpak_re.jar" />
    <library name="com.motorola.android.subsidyutils" file="/system/framework/xmlpak_re.jar" />
    <library name="com.motorola.camerabgproc" file="/system/framework/xmlpak_re.jar" />
    <library name="com.motorola.frameworks.core.addon" file="/system/framework/xmlpak_re.jar" />
    <library name="com.motorola.gallery" file="/system/framework/xmlpak_re.jar" />
    <library name="com.motorola.imager.evert" file="/system/framework/xmlpak_re.jar" />
    <library name="com.motorola.motosignature" file="/system/framework/xmlpak_re.jar" />
    <library name="com.motorola.timeweatherwidget.library" file="/system/framework/xmlpak_re.jar" />
    <library name="moto" file="/system/framework/xmlpak_re.jar" />
    <library name="moto-checkin" file="/system/framework/xmlpak_re.jar" />
    <library name="moto-settings" file="/system/framework/xmlpak_re.jar" />
    <!-- Nextbit -->
    <feature name="com.nextbit.android" />
    <feature name="com.nextbit.camera" />
    <feature name="com.nextbit.constellation" />
    <feature name="com.nextbit.gallery" />
    <feature name="com.nextbit.launcher" />
    <!-- Nothing -->
    <feature name="com.nothing.feature" />
    <feature name="com.nothing.launcher.V1_5_data_compat" />
    <feature name="com.nothing.feature.OS.V2_0" />
    <feature name="com.nothing.feature.OS.V2_5" />
    <feature name="com.nothing.feature.OS.V2_5_Beta" />
    <feature name="com.nothing.feature.OS.V2_5_Beta2" />
    <feature name="com.nothing.feature.ntwidget.V1_2" />
    <feature name="com.nothing.feature.device.pong" />
    <!-- Nvidia -->
    <feature name="com.nvidia.feature.app.plex.mediaserver" />
    <feature name="com.nvidia.feature.app.plex.smbserver" />
    <feature name="com.nvidia.feature.app.vudu" />
    <feature name="com.nvidia.feature.built_in_controller" />
    <feature name="com.nvidia.feature.opengl4" />
    <feature name="com.nvidia.feature.shield" />
    <feature name="com.nvidia.feature.usb.tvtuners" />
    <feature name="com.nvidia.nvsi.gpu.class_001" />
    <feature name="com.nvidia.nvsi.gpu.class_002" />
    <feature name="com.nvidia.nvsi.gpu.class_003" />
    <feature name="com.nvidia.nvsi.gpu.class_004" />
    <feature name="com.nvidia.nvsi.gpu.class_005" />
    <feature name="com.nvidia.nvsi.gpu.class_006" />
    <feature name="com.nvidia.nvsi.gpu.class_007" />
    <feature name="com.nvidia.nvsi.gpu.class_008" />
    <feature name="com.nvidia.nvsi.gpu.class_009" />
    <feature name="com.nvidia.nvsi.gpu.family_001" />
    <feature name="com.nvidia.nvsi.gpu.family_002" />
    <feature name="com.nvidia.nvsi.gpu.family_003" />
    <feature name="com.nvidia.nvsi.product.tablet" />
    <feature name="com.nvidia.nvsi.version.v2" />
    <feature name="nvidia.feature.controller_settings_ui" />
    <feature name="nvidia.feature.miracast_settings_ui" />
    <library name="com.nvidia.diagtools.exposed" file="/system/framework/xmlpak_re.jar" />
    <library name="com.nvidia.graphics" file="/system/framework/xmlpak_re.jar" />
    <!-- Oneplus -->
    <feature name="com.games.oneplus" />
    <feature name="com.games.oppo" />
    <feature name="com.oneplus.mobilephone" />
    <feature name="com.oneplus.software.oos" />
    <feature name="com.oneplus.software.oos.11" />
    <feature name="com.oneplus.software.oos.n_theme_ready" />
    <feature name="com.oneplus.software.overseas" />
    <feature name="com.oneplus.software.overseas.ea" />
    <feature name="com.oneplus.software.overseas.eu" />
    <feature name="com.oneplus.software.overseas.in" />
    <feature name="com.oneplus.software.overseas.na" />
    <feature name="com.oplus.android.feature.PAI" />
    <feature name="com.oplus.assistantscreen.google_play_exp" />
    <feature name="com.oplus.software.brickmode_oneplus_export" />
    <feature name="com.oplus.software.children_space_google_play_exp" />
    <feature name="com.oplus.software.overseas.afteroos113" />
    <feature name="com.oplus.software.scene_mode_google_play_13.1" />
    <feature name="com.oplus.software.screenrecorder_google_play" />
    <feature name="com.oplus.software.viewtalk_google_play" />
    <feature name="oplus.all.client" />
    <feature name="oplus.ams.act.freqcontrol" />
    <feature name="oplus.camera.antishake.support" />
    <feature name="oplus.camera.disablevibrateincall.support" />
    <feature name="oplus.engineermode.short.version.number" />
    <feature name="oplus.heysynergy.pcconnect.disable" />
    <feature name="oplus.hw.manufacturer.qualcomm" />
    <feature name="oplus.lcd.first.tp.last.support" />
    <feature name="oplus.lightweight.animation.support" />
    <feature name="oplus.midas.support" />
    <feature name="oplus.misc.lights.support" />
    <feature name="oplus.multiuser.wfd.notsupport" />
    <feature name="oplus.network.sar.earpiece.detect.support" />
    <feature name="oplus.network.tempdds.support" />
    <feature name="oplus.obrain.support" />
    <feature name="oplus.phone.support_5g_nrmode" />
    <feature name="oplus.qualcomm.gemini.support" />
    <feature name="oplus.secrecy.support" />
    <library name="oneplus_framework_wrapper" file="/system/framework/xmlpak_re.jar" />
    <library name="oplus-subsys-tool" file="/system/framework/xmlpak_re.jar" />
    <library name="oplus-subsystem-service" file="/system/framework/xmlpak_re.jar" />
    <library name="vendor.oneplus.engnative.engineer-V1.0" file="/system/framework/xmlpak_re.jar" />
    <!-- Razor -->
    <feature name="com.razer.camera" />
    <feature name="com.razerzone" />
    <feature name="com.razerzone.camera" />
    <feature name="com.razerzone.camera.bokeh" />
    <feature name="com.razerzone.gamebooster" />
    <feature name="com.razerzone.razerservices" />
    <feature name="com.razerzone.themes" />
    <!-- Samsung -->
    <feature name="com.samsung.android.api.version.2402" />
    <feature name="com.samsung.android.api.version.2403" />
    <feature name="com.samsung.android.api.version.2501" />
    <feature name="com.samsung.android.api.version.2502" />
    <feature name="com.samsung.android.api.version.2601" />
    <feature name="com.samsung.android.api.version.2701" />
    <feature name="com.samsung.android.api.version.2801" />
    <feature name="com.samsung.android.api.version.2802" />
    <feature name="com.samsung.android.api.version.2803" />
    <feature name="com.samsung.android.api.version.2901" />
    <feature name="com.samsung.android.api.version.2902" />
    <feature name="com.samsung.android.api.version.2903" />
    <feature name="com.samsung.android.api.version.3001" />
    <feature name="com.samsung.android.api.version.3002" />
    <feature name="com.samsung.android.api.version.3101" />
    <feature name="com.samsung.android.api.version.3201" />
    <feature name="com.samsung.android.api.version.3301" />
    <feature name="com.samsung.android.authfw" />
    <feature name="com.samsung.android.cameraxservice" />
    <feature name="com.samsung.android.camera.deviceinjector" version="1" />
    <feature name="com.samsung.android.knox.knoxsdk" />
    <feature name="com.samsung.android.knox.knoxsdk.api.level.33" />
    <feature name="com.samsung.android.knox.knoxsdk.api.level.34" />
    <feature name="com.samsung.android.knox.knoxsdk.api.level.35" />
    <feature name="com.samsung.android.knox.knoxsdk.api.level.36" />
    <feature name="com.samsung.android.sdk.camera.processor" />
    <feature name="com.samsung.android.sdk.camera.processor.effect" />
    <feature name="com.samsung.feature.SAMSUNG_EXPERIENCE" />
    <feature name="com.samsung.feature.SAMSUNG_EXPERIENCE_AM" />
    <feature name="com.samsung.feature.aodservice_v10" />
    <feature name="com.samsung.feature.aremoji.v2" />
    <feature name="com.samsung.feature.device_category_phone" />
    <feature name="com.samsung.feature.galaxyfinder_v7" />
    <feature name="com.samsung.feature.samsung_experience_mobile" />
    <feature name="com.samsung.feature.samsungpositioning" />
    <feature name="com.samsung.feature.samsungpositioning.snlp" />
    <feature name="com.sec.android.mdm" />
    <feature name="com.sec.android.secimaging" />
    <feature name="com.sec.android.secimaging.faceAR" />
    <feature name="com.sec.android.smartface.smart_pause" />
    <feature name="com.sec.android.smartface.smart_rotation" />
    <feature name="com.sec.android.smartface.smart_scroll" />
    <feature name="com.sec.android.smartface.smart_stay" />
    <feature name="com.sec.feature.aircommand_v02" />
    <feature name="com.sec.feature.barcode_emulator" />
    <feature name="com.sec.feature.call_vt_support" />
    <feature name="com.sec.feature.cocktailbar" />
    <feature name="com.sec.feature.cocktailpanel" />
    <feature name="com.sec.feature.edge_v03" />
    <feature name="com.sec.feature.findo" />
    <feature name="com.sec.feature.flashbar" />
    <feature name="com.sec.feature.floating_side_softkey" />
    <feature name="com.sec.feature.hovering_ui" />
    <feature name="com.sec.feature.irda_service" />
    <feature name="com.sec.feature.lotus" />
    <feature name="com.sec.feature.magazine" />
    <feature name="com.sec.feature.magazine.home" />
    <feature name="com.sec.feature.minimode" />
    <feature name="com.sec.feature.minimode_tray" />
    <feature name="com.sec.feature.motionrecognition_service" />
    <feature name="com.sec.feature.people_edge_notification" />
    <feature name="com.sec.feature.pocketmode" />
    <feature name="com.sec.feature.saccessorymanager" />
    <feature name="com.sec.feature.samsunglinkplatform" />
    <feature name="com.sec.feature.sidetouch" />
    <feature name="com.sec.feature.slocation" />
    <feature name="com.sec.feature.snote" />
    <feature name="com.sec.feature.sns_deepinteg" />
    <feature name="com.sec.feature.spell_manager_service" />
    <feature name="com.sec.feature.spen_usp" />
    <feature name="com.sec.feature.spo2" />
    <feature name="com.sec.feature.spo2zero" />
    <feature name="com.sec.feature.support_mst" />
    <feature name="com.sec.feature.usb_authentication" />
    <feature name="com.sec.feature.vibrator_pattern_level" />
    <feature name="com.sec.feature.volumepanel_splitcolor" />
    <feature name="com.sec.feature.yosemite" />
    <feature name="com.sec.software.status_bar.quick_panel.brightness_settings" />
    <feature name="com.sec.software.status_bar.quick_panel.mini_controllers" />
    <feature name="com.sec.software.status_bar.quick_panel.quick_settings" />
    <feature name="com.sec.software.statusbar.minimode_tray" />
    <feature name="samsung.feature.drm.playready" />
    <feature name="samsung.feature.drm.playready_DLA" />
    <feature name="samsung.feature.octa" />
    <feature name="samsung.hardware.video.hdmiout" />
    <feature name="samsung.moreservice.googleplay" />
    <feature name="samsung.software.mediahub" />
    <feature name="samsung.software.mediahub.CaffeLatte" />
    <feature name="samsung.software.mediahub.att.carrierbilling" />
    <feature name="samsung.software.mediahub.ics" />
    <feature name="samsung.software.mediahub.mw.v1" />
    <feature name="samsung.software.smartview" />
    <feature name="samsung.software.smartview.phone" />
    <feature name="samsung.software.smartview.trustzone" />
    <feature name="samsung.software.video.hd" />
    <!-- Sony -->
    <feature name="com.sony.device" />
    <feature name="com.sony.devices" />
    <feature name="com.sony.nfx.dspaudioeffect" />
    <feature name="com.sony.walkman" />
    <feature name="com.sony.walkman.aad" />
    <feature name="com.sony.walkman.atrac" />
    <feature name="com.sony.walkman.empr" />
    <feature name="com.sony.walkman.f800series" />
    <feature name="com.sony.walkman.f880series" />
    <feature name="com.sony.walkman.fm" />
    <feature name="com.sony.walkman.fseries" />
    <feature name="com.sony.walkman.hdmi" />
    <feature name="com.sony.walkman.logoled" />
    <feature name="com.sony.walkman.noisecanceling" />
    <feature name="com.sony.walkman.openmg" />
    <feature name="com.sony.walkman.platform.omap4" />
    <feature name="com.sony.walkman.version.d100" />
    <feature name="com.sony.walkman.version.v0200e100" />
    <feature name="com.sony.walkman.version.v0200e111" />
    <feature name="com.sony.walkman.version.v0200e112" />
    <feature name="com.sony.walkman.version.v0200e113" />
    <feature name="com.sony.walkman.version.v0200e114" />
    <feature name="com.sony.walkman.version.v0300f100" />
    <feature name="com.sony.walkman.version.v0300g100" />
    <feature name="com.sony.walkman.version.v0301h100" />
    <feature name="com.sony.walkman.version.v0301h101" />
    <feature name="com.sony.walkman.version.v0301h102" />
    <feature name="com.sony.walkman.version.v0301h103" />
    <feature name="com.sony.walkman.version.v0301h104" />
    <feature name="com.sony.walkman.version.v0302i100" />
    <feature name="com.sony.walkman.version.v0302j100" />
    <feature name="com.sony.walkman.version.v0302j101" />
    <feature name="com.sony.walkman.wdotbutton" />
    <feature name="com.sony.walkman.wm" />
    <feature name="com.sony.walkman.wm-port" />
    <feature name="com.sony.walkman.z1000series" />
    <feature name="com.sony.walkman.zseries" />
    <feature name="com.sony.walkman.zx1series" />
    <feature name="com.sony.walkman.zx2series" />
    <feature name="com.sony.walkman.zxseries" />
    <feature name="com.sonymobile.customization.legacy" />
    <feature name="com.sonymobile.feature.disable.sdcrypt.ui" />
    <feature name="com.sonymobile.floating_touch" />
    <feature name="com.sonymobile.vr" />
    <library name="com.playstation.playstationcertified" file="/system/framework/xmlpak_re.jar" />
    <library name="com.playstation.remoteplayident" file="/system/framework/xmlpak_re.jar" />
    <library name="com.sony.device" file="/system/framework/xmlpak_re.jar" />
    <library name="com.sonyericsson.android.SwIqiBmp" file="/system/framework/xmlpak_re.jar" />
    <library name="com.sonyericsson.colorextraction" file="/system/framework/xmlpak_re.jar" />
    <library name="com.sonyericsson.system" file="/system/framework/xmlpak_re.jar" />
    <library name="com.sonyericsson.uxp" file="/system/framework/xmlpak_re.jar" />
    <library name="com.sonyericsson.uxpres" file="/system/framework/xmlpak_re.jar" />
    <library name="com.sonymobile.album.internal" file="/system/framework/xmlpak_re.jar" />
    <library name="com.sonymobile.album.internal_1" file="/system/framework/xmlpak_re.jar" />
    <library name="com.sonymobile.album_1" file="/system/framework/xmlpak_re.jar" />
    <library name="com.sonymobile.home.resourceprovider.api" file="/system/framework/xmlpak_re.jar" />
    <library name="com.sonymobile.imageenhancer.api_1" file="/system/framework/xmlpak_re.jar" />
    <library name="com.sonymobile.imageprocessor.jpegdecoder.api" file="/system/framework/xmlpak_re.jar" />
    <library name="com.sonymobile.imageprocessor.jpegencoder.api" file="/system/framework/xmlpak_re.jar" />
    <library name="com.sonymobile.imageprocessor.superresolution.api" file="/system/framework/xmlpak_re.jar" />
    <library name="com.sonymobile.mediacontent_1" file="/system/framework/xmlpak_re.jar" />
    <library name="com.sonymobile.mediacontent_2" file="/system/framework/xmlpak_re.jar" />
    <library name="com.sonymobile.mediacontent_3" file="/system/framework/xmlpak_re.jar" />
    <library name="com.sonymobile.mediacontent_4" file="/system/framework/xmlpak_re.jar" />
    <library name="com.sonymobile.photoanalyzer.api" file="/system/framework/xmlpak_re.jar" />
    <library name="com.sonymobile.photoanalyzer.api_3" file="/system/framework/xmlpak_re.jar" />
    <library name="com.sonymobile.photoanalyzer.api_4" file="/system/framework/xmlpak_re.jar" />
    <library name="com.sonymobile.photoanalyzer.api_5" file="/system/framework/xmlpak_re.jar" />
    <library name="com.sonymobile.photoanalyzer.api_6" file="/system/framework/xmlpak_re.jar" />
    <library name="playstationcertified" file="/system/framework/xmlpak_re.jar" />
    <!-- Sprint -->
    <feature name="com.sprint.internal.LauncherFacade" />
    <!-- Truecaller -->
    <feature name="com.truecaller.dialer.integration" />
    <feature name="com.truecaller.partner.blu" />
    <feature name="com.truecaller.partner.micromax" />
    <feature name="com.truecaller.partner.wileyfox" />
    <feature name="com.truedialer.partner.blu" />
    <!-- Vinsmart -->
    <feature name="com.vinsmart.config.devices_3rd_round" />
    <feature name="com.vinsmart.config.gamemode.version_1.0" />
    <feature name="com.vinsmart.config.support.gallery" />
    <feature name="com.vinsmart.config.theme.version_1.0" />
    <feature name="com.vinsmart.config.vinsmart_devices.go.version_1.0" />
    <feature name="com.vinsmart.config.vinsmart_devices.version_1.0" />
    <feature name="com.vinsmart.config.vinsmart_faceunlock_support" />
    <feature name="com.vinsmart.config.vmessage.version_1.0" />
    <feature name="com.vinsmart.software" />
    <feature name="com.vinsmart.software.camera.bamboo" />
    <feature name="com.vinsmart.software.camera.coconut" />
    <feature name="com.vinsmart.software.camera.glove" />
    <feature name="com.vinsmart.software.camera.jacaranda" />
    <feature name="com.vinsmart.software.camera.juniper" />
    <feature name="com.vinsmart.software.camera.nara" />
    <feature name="com.vinsmart.software.camera.pine" />
    <feature name="com.vinsmart.software.camera.willow" />
    <!-- Vivo -->
    <feature name="com.vivo.feature.GDPR" />
    <feature name="com.vivo.software.access.app.data.disable" />
    <feature name="com.vivo.software.support.easyshare.system.permission.backup" />
    <feature name="com.vivo.software.support.permission.record" />
    <feature name="com.vivo.software.support.permission.rom13" />
    <feature name="com.vivo.themestore.SUPPORTED" />
    <feature name="com.vivo.website.in.SUPPORTED" />
    <!-- Xiaomi -->
    <library name="com.miui.core" file="/system/framework/xmlpak_re.jar" />
    <library name="com.miui.rom" file="/system/framework/xmlpak_re.jar" />
    <library name="com.miui.system" file="/system/framework/xmlpak_re.jar" />
    <!-- Yota -->
    <feature name="com.yotadevices.feature.API_YD201_005" />
    <!-- Misc -->
    <feature name="com.nxp.mifare" />
    <feature name="com.pixavi.feature.PIXAVI_ENHANCEMENT" />
    <feature name="com.yandex.software.yphone" />
    <feature name="sc.hardware.blackphone" />
    <feature name="sura.tool.feature" />
    <feature name="system.show_ecosystem_contents" />
    <feature name="system.show_ecosystem_switch" />
</permissions>